,question,answers
0,who was the trump ocean club international hotel and tower named after,the trump ocean club international hotel and tower was named after businessman and former president of the united states donald trump
1,where was sasha vujačić born,sasha vujačić was born in maribor slovenia
2,what is a region that dead combo was released in,dead combo was released in portugal
3,what is a film directed by wiebke von carolsfeld,marion bridge
4,what country was music for stock exchange  released in,the united states
5,where is adler school of professional psychology located,adler school of professional psychology is located in chicago illinois
6,where was john miltern born,john milten was born in london 
7,what city is vancouver millionaires from,vancouver
8,what was seymour parker gilberts profession,seymour parker gilbert was a lawyer and politician
9,what does 12385 1994 uo orbit,12385 1994 uo orbits the sun as a minor planet in our solar system
10,who is the singer of only women bleed,alice cooper
11,in what french city did antoine de févin die ,antoine de févin died in paris france
12,who published rama,arthur c clarke
13,who was an advisor for irving langmuir,katharine blodgett
14,what is the language of the film bon voyage,french
15,which country was the hunyadi family from,the hunyadi family was from hungary
16,what major cities does us route 2 run through,us route 2 runs through cities such as seattle spokane and bangor
17,who was a child of mithibai jinnah,fatima jinnah was a child of mithibai jinnah
18,whats a version of the single titled  star,a star is the single version of the song titled star
19,what is a song by john rutter,angels carol
20,what job does jamie hewlett have,jamie hewlett is a visual artist and cocreator of the virtual band gorillaz
21,whats an example of an album,one example of an album is thriller by michael jackson
22,which recordings contains the composition australia,the composition australia can be found on the recording named down under mixtape
23,what is the film tempo di uccidere about,tempo di uccidere is about an italian officers moral and ethical struggles during the late 1930s colonial war in ethiopia
24,what country is ghost house from,the ghost house is from the united states
25,which country was the yamakinkarudu movie produced,nigeria
26,whats the time zone in subsaharan africa,subsaharan africa spans multiple time zones including greenwich mean time gmt west africa time wat central africa time cat east africa time eat and south africa standard time sast
27,what author wrote the book liquor,poppy z brite
28,what is the release type of the album wake,the release type of the album wake is digital and physical
29,who is the chid of fritz leiber,justin leiber
30,what artist creates riot grrrl music,bikini kill
31,what country is rafael sorkin from,rafael sorkin is from the united states
32,what was marcy raes profession,marcy rae was a professional actress
33,what is the language of the invaders,the invaders speak an unknown alien language
34,which artist recorded srv shuffle,stevie ray vaughan
35,where was fran drescher born,fran drescher was born in flushing queens new york
36,what music genre is lonely revolutions,lonely revolutions is a folk rock album
37,souad massi was the music contributor for which film,souad massi was the music contributor for the film swallows of kabul
38,what is the name of a title found under the thriller genre,fatal conspiracy
39,what is a book from the ethan frome series ,ethan frome is the title of the book from the ethan frome series
40,where is look from,look is from a small town in the midwest
41,who is the producer on evangelion 30 you can not redo,hideaki anno
42,what medium was smooth n swingin released on,smooth n swingin was released on digital streaming platforms
43,what was bill hosket jrs position ,bill hosket jr played as a power forward in the nba
44,what did oscar saul die from,oscar saul died from natural causes
45,what industry does critical software operate in,critical software operates in the technology industry
46,what is the active ingredient in titanium dioxide 0223 cream,titanium dioxide
47,what is the active ingredient moiety in fast freeze,menthol
48,what did sheldon breiner invent,sheldon breiner invented the led lightbulb
49,what entity was involved in the  romanparthian war of 5863,the roman empire
50,what is the name for meccas canonical version,the kaaba
51,what country in north america released the film  third man out,canada
52,what system is used for electric power distribution,the electric power distribution system utilizes a network of power lines and transformers to deliver electricity from power plants to homes and businesses
53,what is a live action action comedy film produce by spyglass entertainment,spy kids
54,which genre is teri meri kahaani under,teri meri kahaani is a romantic drama film
55,what is the genre of the artists weird war,the genre of the artist weird war is rock
56,who wrote gullivers travels,jonathan swift
57,whats the name of a founder of ndtv,prannoy roy
58,what is  i miss you,i miss you too
59,what nationality is  irwin pizor,irwin pizor is american
60,what album was the song greenland featured on ,the album under the iron sea by keane
61,which city was eric s rosengren born in ,eric s rosengren was born in ridgewood new jersey
62,what type of harp is traditionally found in ireland,the celtic harp
63,name a bus transit line,route 45
64,what type of film is bidaai,bidaai is a drama film
65,where was 8596 alchata discovered,8596 alchata was discovered in the main asteroid belt
66,what is the chemical compound of a alpha blocker drug,an example of a chemical compound of an alpha blocker drug is prazosin
67,what is a track from dirty love,one of the tracks from the album dirty love is called bad habit
68,whats a piece of software made by the microsoft corporation,microsoft excel
69,what mountain range does the mountain bisaurin belong to,the pyrenees
70,which time zone is grybów located in,grybów is located in the central european time zone
71,what track is featured on the salisbury release,lady in black is featured on the salisbury release
72,whats the full title of the third madagascar movie,madagascar 3 europes most wanted
73,who was oort cloud named after,jan oort a dutch astronomer
74,where does the water in the canche come from,the water in the canche comes from underground cenotes
75,how did sandy denny die,sandy denny died from a brain hemorrhage after falling down a staircase
76,what is the origin of the artist william hung,william hung was born in hong kong and raised in los angeles california
77,what is peter hlinkas nationality,peter hlinkas nationality is slovak
78,what composer created,mozart created beautiful music
79,which city in alabama was named after richard montgomery,montgomery
80,what track is on minutes to midnight,given up
81,what country was the fame monster  done in,the fame monster was primarily recorded in the united states
82,who is the manufacturer of the drug prevacid 30 delayed release capsule,novartis pharmaceuticals corporation
83,what kind of movie is  the frameup,the frameup is a crime thriller
84,whats a more general name for a planetary scientist,an astronomer
85,which film is in the genre thriller genre,psycho is a film in the thriller genre
86,what country is ivesdale a part of,ivesdale is a part of the united states
87,which release was reading on,the newest release
88,what region is oratino located in,oratino is located in the molise region of italy
89,who is the author from the dresden files,jim butcher
90,what us state contains clyde,ohio
91,where was robert harris painter born,robert harris painter was born in wales
92,which country is lamont in ,lamont is in the united states
93,where is friedrich block,friedrich block is located in the historical district of berlin germany
94,what is the genre of the book the story of the amulet,the genre of the book the story of the amulet is fantasy
95,which country was goga kapoor born in,goga kapoor was born in india
96,what profession does liz toonkel have,liz toonkel is a nurse
97,what disease claimed the life of fern emmett,fern emmett passed away from pancreatic cancer
98,what is a track from the release cobra studio version,one of the tracks from the cobra studio version release is never gonna give you up
99,name an actor born in murfreesboro,adrien finkel
100,who is an indian musician who plays guitar ,prateek kuhad
101,who wrote the book the silence of the lambs,thomas harris wrote the book the silence of the lambs
102,what is helena christensens nationality,helena christensens nationality is danish
103,of what nationality is harald bohr,harald bohr was danish
104,what is black fire about,black fire is a type of fire that appears black because it burns without emitting light
105,what is a color associated with paul w bryant high school,crimson
106,what is the lower grade that is taught at the douglas annex,kindergarten
107,what is a game published by namco,pacman
108,whos a linebacker,a linebacker is a defensive position in american football
109,what type of game is halflife 2,halflife 2 is a firstperson shooter game
110,what netflix genre can you expect to find forbidden floor in,horror
111,does david gottesman follow judaism or buddhism ,david gottesman follows judaism
112,what kind of motion picture is a place in the sun,a place in the sun is a romantic drama film
113,how was the album ellen allien remix collection released,the album ellen allien remix collection was released on vinyl and digital formats
114,what country is medford bryan evans from,medford bryan evans is from the united states
115,who is an artist that makes symbolism,frida kahlo is an artist known for incorporating symbolism in her works
116,the recording star is an adaptation of which song,the recording star is an adaptation of the starspangled banner
117,what is the name of a track from roll over beethoven,roll over beethoven
118,who is steve whans parent,steve whans parents are john and mary whan
119,what is binks profession,binks is a professional photographer
120,what type of album was homeplanet,homeplanet was a concept album
121,who wrote the composition soon,alan walker wrote the composition soon
122,what is a song by the cure,just like heaven
123,what is a song from the arms of someone new,in too deep
124,whats a science fiction movie featuring godzilla,godzilla 2014
125,what is a type of fantasy,high fantasy
126,which language is spoken in gautam govinda,hindi
127,what artist is responsible for 40  live in london,adele
128,where is 374 burgundia in the universe ,374 burgundia is located in the trojan asteroid grouping in the orbit of jupiter
129,what is a film in the genre drama,a film in the drama genre typically focuses on realistic human emotions and interpersonal relationships
130,what is peter schrøders profession,peter schrøders profession is acting
131,who wrote the film the family friend,paolo sorrentino
132,in which country is the town of maybole located,maybole is located in scotland
133,which asteroid was names after an italian geologist,the asteroid named after an italian geologist is asteroid 21887 steno
134,where was andy signore born,andy signore was born in new york city
135,what city is in marion county,indianapolis
136,what style if music is silver wilkinson released in,silver wilkinson is released in the folktronica genre
137,what airport is near savonlinna,savonlinna airport does not have commercial flights but the nearest airport with commercial service is kuo  kuopio airport
138,wher is tally ho,tally ho is a british phrase meaning goodbye or cheerio
139,what area is served by the broadcast classic vinyl,classic vinyl broadcasts nationwide on siriusxm satellite radio
140,what is an album by shawn mullins ,souls core
141,what position does hamza çakır have in football,hamza çakır plays as a defender in football
142,in what time zone is bidonì located,bidonì is located in the central european time zone
143,which sport does the staten island yankees play,the staten island yankees play baseball
144,what us state is mintz within,oregon
145,what kind of game is assassins creed revelations,assassins creed revelations is an actionadventure video game
146,who was a military personnel involved in world war ii,dwight d eisenhower
147,what is the name of your favorite graphic designer,my favorite graphic designer is paula scher
148,what martial art does james figg do,james figg practices boxing and swordsmanship
149,which country is rythmol 150 film coated tablet available in,rythmol 150 filmcoated tablets are available in the united states
150,what genre is the album mabruk,the album mabruk is classified as electronic music
151,which exhibition was created on the subject of islam,the exhibition islamic art through the ages was created on the subject of islam
152,what is nicholas zakharenkos nationality,nicholas zakharenkos nationality is american
153,what is the subject of american elk,the subject of american elk is cervus canadensis
154,which language is used throughout the film  high school musical el desafío,the language used throughout the film high school musical el desafío is spanish
155,whats an instrumental rock album,an instrumental rock album is a collection of songs in the rock genre that do not feature vocals showcasing mainly the music and musicianship
156,which artist made home grown studio sessions,home grown studio sessions were made by artist justin bieber
157,what group was created by william s burroughs,the beats
158,what is a model made by ibm,ibm thinkpad
159,who was meraris father ,meraris father was levi
160,what is anne salmonds profession,anne salmonds is a high school teacher
161,name a track off of beyond good  evil,hillys  the flouride
162,what genre is the book dr jekyll and mr holmes,the genre of the book dr jekyll and mr hyde is gothic fiction
163,what is a track from tamara,river deep mountain high
164,what was the place of birth of william des vœux,william des vœux was born in london england
165,what country produced the film the haunting passion,the united states
166,what is william walls gender,william walls gender is male
167,what are documentary films,documentary films are nonfiction films that aim to inform or educate viewers about real people events or issues
168,what vocal range is ville valo,ville valo has a baritone vocal range
169,what kind of book is a haunted house and other short stories,a collection of spooky short stories featuring haunted houses and other chilling themes
170,name the profession of peter heller,peter heller is an author
171,who recorded the song foggy mountain breakdown,lester flatt and earl scruggs recorded the song foggy mountain breakdown
172,what kinds of movie is dead man walking in netlix,dead man walking is a drama film available on netflix
173,who directed robin hood,ridley scott
174,which european city was claudin de sermisy when they die,claudin de sermisy died in paris france
175,what is a book by jules verne,twenty thousand leagues under the sea
176,who is a child of james william van der beek,olivia van der beek
177,what is the nationality of daniel gilfether,daniel gilfether is australian
178,what would be a music spin with the topic of hawkeye,an actionpacked playlist with songs about archery sharpshooting and bravery
179,what is svaneti,svaneti is a mountainous region in georgia known for its stunning landscapes and medieval defensive towers
180,who authored the marshal makes his report,the author of the marshal makes his report is magdalena platzova
181,which publisher published  battlecruiser 3000ad,taketwo interactive
182,what type of music is on the album phenomenon,the album phenomenon features rock music
183,what imprints has simon and schuster created,simon and schuster has created a wide range of book imprints spanning various genres and topics
184,what is a game played on a personal computer,a game played on a personal computer is typically referred to as a pc game
185,name a format in which luminitza was released,luminitza was released in digital format
186,who wrote vicious circle,the author of vicious circle is cj box
187,what is a 8833 acer,a 8833 acer is a type of laptop model manufactured by acer inc
188,which album is hollywood on by blues company,hollywood by blues company is on their album vintage
189,who was involved in american revolutionary war,british forces american colonists french troops
190,is punk rock rarities a album or dvd,punk rock rarities is an album
191,what is a film about racism,american history x is a film about racism
192,what is a version of the single free,free means not being constrained by external forces or obligations
193,where was absolute music 50 released ,absolute music 50 was released in europe
194,netflix lists hell raiders as what genre,netflix lists hell raiders as a science fictionfantasy action film
195,what country is cuba crossing from,cuba is crossing from florida
196,who are dan abramss parents,dan abrams parents are floyd abrams and efrat abrams
197,what type of game is the grandest fleet,the grandest fleet is a strategy naval battle game
198,what area does wmjc radio station play for,wmjc radio station plays in the new york metropolitan area
199,what is a song from rhythm trax volume iv,thriller by michael jackson
200,what country is the film laser moon from,laser moon is from the united states
201,what software did  borland develop,borland developed development tools and software applications
202,who is the performer of this is my life,this is my life is performed by kim larsen
203,who is the daughter of kim richards,alexia umansky
204,where is yoko kumada from ,yoko kumada is from japan
205,who owns the south sydney rabbitohs,the south sydney rabbitohs are owned by actor russell crowe and businessman james packer
206,what did timothy hackworth invent ,timothy hackworth invented the first multitubular boiler for steam locomotives
207,what song is by unpoc,the song by unpoc is deep distance
208,which country is timur zangiyev from ,timur zangiyev is from russia
209,which city was helen grant born in ,helen grant was born in london
210,what kind of book is the sheltering sky,the sheltering sky is a novel
211,where was nude dimensions volume 2 released,nude dimensions volume 2 was released on all major streaming platforms
212,where was anna pavlova buried after death,anna pavlova was buried in golders green crematorium in london england
213,what country was the london chuck berry sessions released in,the london chuck berry sessions was released in the united states
214,which company published nascar 09,ea sports
215,what gender is nadine njeim,nadine njeim is female
216,who is singersongwriter,a singersongwriter is a musician who writes and performs their own songs
217,what type of music is featured on sweet oblivion,sweet oblivion features a blend of progressive metal and melodic rock music
218,what country is the subject of the anglo files a field guide to the british,the united kingdom
219,where was magnum force filmed,magnum force was filmed in various locations in and around san francisco california
220,which position does pop snyder play,pop snyder plays as a catcher
221,what faith does kuopio cathedral follow,kuopio cathedral follows the evangelical lutheran faith
222,which business operation does artscroll fall under,artscroll falls under the publishing business operation
223,what is the artform of portrait of rachel ruysch,the artform of portrait of rachel ruysch is a painting
224,who was english author neil gaiman influenced by,neil gaiman was influenced by authors such as jrr tolkien hp lovecraft and ray bradbury
225,what purpose does mrap have,mraps mineresistant ambush protected vehicles are designed to provide increased protection for military personnel against landmines and roadside bombs in combat zones
226,what is  9297 marchuk,im sorry i do not understand the question
227,what is a season of bigg boss indian tv series,bigg boss typically runs for about 100 days in each season
228,what was named for pietro badoglio,the badoglio plan
229,which family is charles somerset marquess of worcester from,charles somerset marquess of worcester is from the family of somerset
230,where was shlomo aronson born ,shlomo aronson was born in tel aviv israel
231,what social science is the subject of the friendship factor,psychology
232,who does never be the same again  teddy skit,camila cabello
233,what jurisdiction does royal canadian air force cover,the royal canadian air force covers canadian airspace and international airspace when conducting operations
234,what baseball position does fred cooke play,fred cooke plays as a pitcher in baseball
235,what type of film is diary of a suicide,diary of a suicide is a drama film
236,what is star system contains 5979 1992 xf,the star system that contains 5979 1992 xf is alpha centauri
237,what types of format is the silent hours,the silent hours is a historical fiction novel
238,what is the primary release of shakedown street called ,the primary release of shakedown street is the same name as the song itself
239,name a song written by bob dylan,blowin in the wind
240,what city and state did joe bowman die in,joe bowman died in san marcos texas
241,is the auburn 852 a 4 door or convertible ,the auburn 852 is a convertible
242,what kind of music does peter elkas make,peter elkas makes indie rock music
243,who is created by matt stone,south park
244,what is the genre of the judy garland show on netflix,the genre of the judy garland show on netflix is a variety show
245,who in the world produced busting,the song bustin was produced by neil cicierega
246,what type of release did middle man have,middle man had a limited theatrical release
247,whos a musician that plays folk music,bob dylan is a musician who plays folk music
248,what track was of the release titled hello my captor,the track was titled hello my captor
249,what is the place of birth of gottfried graf von bismarckschönhausen,gottfried graf von bismarckschönhausen was born in berlin germany
250,what gender is randy sanders,randy sanders gender is male
251,what kind of music does lim hyung joo do,lim hyung joo is known for producing classical music
252,the album two forty eight is classified within what genre,the album two forty eight is classified as electronic music
253,what immunity was danni boatwright awarded in the show survivor,danni boatwright was awarded individual immunity in season 11 of survivor guatemala
254,which country is beira lake in ,beira lake is located in sri lanka
255,who is an opera artist,an opera artist is a singer who performs in the opera genre
256,who directed raffles,sam wood
257,which albums were a part of the release transfusion,the albums included in the release transfusion were the college dropout by kanye west and the marshall mathers lp by eminem
258,what is a song on bluegrass 195668 disc 1 ,the song on bluegrass 195668 disc 1 is foggy mountain breakdown
259,which places contains the zip code 17082,zip code 17082 is located in the town of summerdale pennsylvania
260,what label does the artist mr m belong to,mr m is signed to independent record label good vibes records
261,what gender is mario ohara,mario oharas gender is male
262,what country was the distant light filmed in,the distant light was filmed in iceland
263,which label is don mclean signed under,don mclean is signed under capitol records
264,what kind of music is lover lover,lover lover is pop music
265,in which county in illinois is grant park located,grant park is located in kankakee county illinois
266,what kind of music does coldcut make,coldcut makes electronic music
267,what is a game played with the intellivision video game console,one game played with the intellivision video game console is astrosmash
268,where was clever katya written,clever katya was written in russia
269,what tracks are on final hours at hammersmith,the tracks on final hours at hammersmith vary depending on the release but some common ones include in the flesh comfortably numb and run like hell
270,what counties are in texas,there are 254 counties in texas
271,what is the series where the episode this puds for you comes from,friends
272,what is zhang hepings gender ,zhang hepings gender is male
273,what is the format of the crimson sails movie,the format of the crimson sails movie is in color
274,what is the active ingredient in tacrolimus 5 injectable solution,the active ingredient in tacrolimus 5 injectable solution is tacrolimus
275,who directed the music video we are never ever getting back together,the music video for we are never ever getting back together was directed by declan whitebloom
276,tommy peoples plays what instrument,tommy peoples plays the fiddle
277,what is the location of  sannappa parameshwar gaonkar death place,sannappa parameshwar gaonkar died in sirsi karnataka india
278,which position does matthias ostrzolek play in football,matthias ostrzolek plays as a leftback in football
279,what type of work is the the mystic hours written in,the mystic hours is written in prose
280,where is dairy located ,dairy is typically located in the refrigerated section of grocery stores
281,what was eclipse,an eclipse occurs when one astronomical body moves into the shadow of another
282,what is the original language of my son the wizard,the original language of harry potter is english
283,what is the title of one of bob marleys albums,legend
284,who is the son of sharon sedaris,david sedaris is the son of sharon sedaris
285,which city is near the peabody essex museum,salem massachusetts
286,what is frederick h princes nationality,frederick h princes nationality is american
287,which label is sabrinawmusic signed to,sabrinawmusic is an independent artist and not currently signed to any record label
288,what is a football film on netflix,friday night lights
289,list an actor born in turkey,haluk bilginer
290,who was killed by the electric chair for murder,ted bundy was killed by the electric chair for multiple murders
291,what kind of binding does iowa come in,iowa comes in twin loop wire binding
292,in what language is the five stages of grief spoken ,english
293,what is written by han suyin,han suyin wrote the novel a manysplendoured thing
294,what is a track from the car,a track from the car is a component that guides the wheels along a specific path
295,what is contained by mobile county,the city of mobile and several other towns and communities are contained within mobile county
296,what can be found within the world trade center ,offices businesses observation deck memorial museum transportation hub and shopping mall
297,what kind of music does the 69 eyes make,the 69 eyes make gothic rock music
298,what genre of music is the album almanac live 2004,the album almanac live 2004 is a mix of rock folk and indie music
299,what county contains kimballton iowa,kimballton iowa is located in audubon county
300,which peninsula campaign battles took place during the american civil war,yorktown williamsburg seven pines fair oaks and malvern hill
301,what is the country of origin of the tv program gimme a break,the united states
302,what is a magnet school,a magnet school is a specialized school with a unique educational focus or curriculum
303,which form is cannonball in,the cannonball is in a spherical form
304,who was the lyricist for thin thread,the lyricist for thin thread was insert name here
305,what is arturo perez torress country of nationality,mexican
306,which region was juicebox released in,juicebox was released in north america
307,what was the lead single off stay,the lead single off stay was stay feat mikky ekko
308,which compositions were done by neko case,neko case has created compositions such as hold on hold on hellon and deep red bells
309,who is the author of the poseidon adventure,the author of the poseidon adventure is paul gallico
310,which format is please come home mr bulbous in,please come home mr bulbous is in paperback format
311,which time zone is cyrus in,cyrus is in the eastern european time zone
312,what is the gender of hsien wu,hsien wus gender is male
313,where was empedocles born,empedocles was born in acragas agrigento sicily
314,what a release from the album robin hood,the release date of the album robin hood is august 24 2018
315,whats a name of a soundtrack,star wars main theme
316,what type of film is a kid called danger,a kid called danger is an actionadventure film
317,what type of geological feature is the glenrock lagoon,the glenrock lagoon is a coastal lagoon
318,what is a  fraternity or sorority at stanford university,a fraternity or sorority at stanford university is a social organization for undergraduate students that fosters brotherhoodsisterhood leadership and community service
319,what kind of music does russell javors make ,russell javors makes indie folk music
320,what type of film is rio,rio is an animated musical comedy film
321,what artist made the album planetary unknown,gingger shankar
322,what type of netflix film is war file battlefield the west wall,war file battlefield the west wall is a historical documentary
323,whats the time zone in mount pleasant township,eastern standard time est
324,what is a film that monster executive produced,alice in wonderland 2010
325,what newspaper circulates in the town of kearny,the kearny observer
326,what country is ismo kallio from,ismo kallio is from finland
327,what gender is steven blaney,steven blaney is male
328,what is mike stockers gender,mike stockers gender is male
329,what is the release type of the album deathrace king,the release type of the album deathrace king is studio album
330,what type of work is akseli gallenkallela most known for,akseli gallenkallela is most known for his stunning and iconic paintings inspired by finnish mythology and the kalevala epic
331,what did john denver write lyrics for,john denver wrote lyrics for many popular songs including take me home country roads and leaving on a jet plane
332,which level of education is glendale high school,glendale high school is a secondary education level
333,what did chris von der ahe die from,chris von der ahe died from pneumonia
334,what country is takahiko akiyama from,takahiko akiyama is from japan
335,what label is bill curbishley on,bill curbishley is best known for being the manager of the who
336,whats an example of a romance film,titanic
337,where was charles fessenden morse buried,charles fessenden morse was buried in mount auburn cemetery in massachusetts
338,name a country who has constitutional republic as a form of government,the united states
339,what is a 11762 vogel,a 11762 vogel is a type of bird
340,who is an instrumentalist known for playing the piano,ludwig van beethoven
341,which 1995 album contains the song 2000,time out of mind by bob dylan
342,what song is catch me if you can a recorded version of,catch me if you can is a recorded version of the stage musical of the same name
343,what song is new york city a recording of,new york city is a recording of the song new york new york by frank sinatra
344,whos a musician working with casablanca records,kiss
345,what is daniel garodnicks profession ,daniel garodnick is a lawyer and politician
346,what artist recorded venus,the band shocking blue recorded the song venus
347,what language was hangmans curse originally written in,hangmans curse was originally written in english
348,whats a topic discussed in jantar mantar,protests and demonstrations on various social and political issues
349,who was the composer of the song all blues,miles davis
350,what is a version of the single earthquake,there was a minor earthquake reported in the area last night
351,what is vivi bachs nationality,vivi bach was danish
352,what was candy csencsitss place of death,candy csencsits died in her home
353,what track is cuba a recording of,cuba is a recording track from the album buena vista social club by the band of the same name
354,where in italy did the battle of tarentum take place,the battle of tarentum took place in southern italy
355,whats a fiction book written by michelle magorian,goodnight mister tom
356,which position does steve kirk play,steve kirk plays as a defender
357,what is the name of the bulldogs rugby league coach,the name of the bulldogs rugby league coach is trent barrett
358,what is an example of a indie rock album,is this it by the strokes
359,who is the producer of who wants to live forever,queen
360,what position does mariano bogliacino play,mariano bogliacino plays as a midfielder
361,what architect helped make st peters episcopal church,the architect who helped make st peters episcopal church was henry janeway hardenbergh
362,where did claude jade die,claude jade died in boulognebillancourt france
363,who is a character of dc universe,batman is a character from the dc universe
364,what does bob harras do for a job,bob harras is the editorinchief of marvel comics
365,where is the old mutual namibia headquarters,the old mutual namibia headquarters is located in windhoek namibia
366,where is the place of birth of nguyen van toan,nguyen van toan was born in hanoi vietnam
367,what category of celestial object 58219 1992 wz2 considered,58219 1992 wz2 is considered a nearearth object neo
368,what tv show did kevin mcdonald make,kevin mcdonald is best known for his involvement in the sketch comedy show the kids in the hall
369,september 25 is part os what calendar system,september 25 is part of the gregorian calendar system
370,what is the name of a game that atari published,space invaders
371,where was ice hockey player kyle rossiter born,kyle rossiter was born in edmonton alberta canada
372,what is an active ingredient in teething,benzocaine
373,which places contain swifts creek,swifts creek is located in victoria australia
374,what was produced by cibelle,music was produced by cibelle
375,what types of music is played by capitallights,capitallights plays an electronicpop style of music
376,where was alex herschlag born,alex herschlag was born in the united states
377,what is a cooking show ,a cooking show is a television program where chefs demonstrate and prepare various recipes for the audience to follow along
378,what is jeanchristophe sanchezs profession,jeanchristophe sanchez is a professional chef
379,what is a book about fiction,a novel with a captivating storyline and richly developed characters
380,what is the name of an album by peter maxwell davies,the boyfriend suite
381,whats a tv episode that roberto orci wrote,star trek the next generation episode sarek
382,how was a state of trance 2006 released,a state of trance 2006 was released as a compilation album by armada music
383,doubleday publisher published what book,doubleday publisher published gone with the wind
384,what is a kind of romance film,a romantic comedy
385,what is the format of the release in times like these,the format of the release includes a clear statement of the problem proposed solutions and a call to action
386,which airline is in the air canada jazz,air canada jazz is the regional carrier for air canada
387,whats the title of a  action film movie,code of honor
388,what media is santa maria della salute venice in ,santa maria della salute in venice is located on the grand canal
389,what color is pronestyl 250 film coated tablet,pronestyl 250 film coated tablets are white
390,what artist released manifesto,brooke candy
391,what is the ethnicity of james lasdun,james lasdun is of british descent
392,name a game in the steampunk genre,bioshock infinite
393,what kind of book is the south,the south is a novel
394,whos a musician that plays pop music,taylor swift
395,which genre of music is on the album the war report,the genre of music on the album the war report is hip hop
396,what is the name of the game that was developed by bethesda softworks,the game developed by bethesda softworks is called the elder scrolls v skyrim
397,who is the owner of the the registerherald newspaper,the registerherald newspaper is owned by civitas media
398,who was a notable person in the korean war,general douglas macarthur
399,what gangsta rap album did eminem release in 2003,eminem released the gangsta rap album the eminem show in 2002
400,what netflix genre is aunt rose,aunt rose is classified as a horror movie
401,whos an actress killed by cardiovascular disease,tara palmertomkinson
402,is carlyle chalmers male or female,carlyle chalmers is male
403,what are some of the art forms margaret kilgallen uses,margaret kilgallen used a variety of art forms such as painting printmaking and drawing
404,what is an example of a film on 35mm,citizen kane
405,what is a drug in the capsule form,a drug in the capsule form is a medication enclosed in a gelatin or vegetarian capsule for oral administration
406,what is the subject of tarzan of the apes,the subject of tarzan of the apes is the story of a man raised by apes in the african jungle
407,what genre of music does bernie shaw play,bernie shaw plays rock music
408,which 2007 single was composed by melanie brown,the 2007 single composed by melanie brown is la state of mind
409,what is matt dukes profession,matt dukes is a teacher
410,what genre is the mr t experience,the mr t experience is a punk rock band
411,who is a person that was born in oakland,zendaya was born in oakland
412,who wrote new york i love you,multiple artists contributed to the song new york i love you including lcd soundsystem rostam and despot
413,what type of music is i aint marching anymore considered,folk music
414,what is the gender of james hahn,james hahn is male
415,what is a company that specializes in financial services,morgan stanley
416,who was born in texingtal,it is not known for certain who was born in texingtal
417,what is the ethnicity of tran jeong,tran jeong is of korean ethnicity
418,what type of music does the ten songs in the key of betrayal album contain,the album contains a mix of rock pop and alternative music
419,what is an industrial metal album ,an industrial metal album is a type of music album characterized by a fusion of heavy metal and electronic music elements
420,which genome is the gene multiple endocrine neoplasia i in,the multiple endocrine neoplasia i gene is located on chromosome 11
421,what species is mastermind jason wyngarde,jason wyngarde is a human
422,what is the nationality of edward ternes,edward ternes is american
423,what is the name of the award winning album by linda ronstant,the name of the awardwinning album by linda ronstadt is canciones de mi padre
424,which book is speculative fiction,dune by frank herbert
425,what style of architecture is the clara barkley dorr house,the clara barkley dorr house is in the queen anne style of architecture
426,which netflix genre is the oath,action  adventure
427,where is the administrative division in algeria,the administrative division in algeria is composed of 58 provinces
428,which tracks are recorded by andy allo,andy allo has recorded tracks such as yellow gold dont ever say and fly away
429,what label is queenadreena signed to,queenadreena is signed to rough trade records
430,which releases contains the recording oslo,oslo was released on the album suburban sprawl  alcohol
431,how is 35063 1988 fd classified ,35063 1988 fd is classified as a nearearth asteroid
432,who wrote from oslo to iraq,jonas hassen khemiri
433,what album is postrock,explosions in the sky  the earth is not a cold dead place
434,where is kedzie metra lovated,kedzie metra station is located in chicago illinois
435,a botanist is a specialist of what profession,a botanist is a specialist in the field of plant biology
436,what is a track produced by bryan ferry,avalon
437,what kind of a noun is a crane bird,common noun
438,what are cities in united states,new york city los angeles chicago houston phoenix philadelphia
439,what genre is damaged,damaged is a thriller book by martina cole
440,in what country was outing riley filmed,outing riley was filmed in the united states
441,which country was guilherme fontes born in,brazil
442,who recorded jungle fever,stevie wonder recorded jungle fever
443,which release was o holy night recorded on,o holy night was recorded on the album songs of faith by mahalia jackson
444,what middle eastern country is the location of eris muhandes birth,iraq is the location of eris muhandes birth
445,what kind of album is gold musical collection,gold musical collection is a compilation album featuring various goldcertified musical hits
446,what fight happened in dongola,the battle of dongola
447,what was live in marciac,live in marciac was a music festival held in the town of marciac france
448,what kind of book is lo es,lo es is a mystery novel
449,which producing company produced bedroom farce,the producing company for bedroom farce was stephen joseph theatre productions
450,name the modern science fiction author of a funeral for the eyes of fire,roger zelazny
451,whats a book that donna tartt has published,the secret history
452,what type of music is remixes 8104 disc 4 rare tracks,the type of music in remixes 8104 disc 4 rare tracks is electronic dance music edm
453,what position does andreas menger play in football ,andreas menger plays as a midfielder in football
454,name a professional voice actor ,nolan north
455,name a place within the united states,new york city
456,caetano veloso contributed music to which film,caetano veloso contributed music to the film talk to her 2002 directed by pedro almodóvar
457,what was the first original edition of mossflower called,redwall a tale from mossflower country
458,what is a location within the central european time zone,berlin germany
459,what was mohamed ismails profession,mohamed ismail was a teacher
460,who produced la vacilona,la vacilona was produced by dj unic
461,name a politician,barack obama
462,who directed the ian mckellen episode,the director of the ian mckellen episode is peter lydon
463,what type of object is 21063 1991 jc2,21063 1991 jc2 is an asteroid
464,what is an artist associated with latin american music,celia cruz is an artist associated with latin american music
465,what kind of game is wwf wrestlemania 2000,wwf wrestlemania 2000 is a professional wrestling video game
466,which movie did george barnes work on as the cinematographer,george barnes worked as the cinematographer on the film rebecca 1940
467,who is the author editor of unconditional life,stephen levine
468,which school is a black panther the mascot of,the university of pittsburgh
469,which country is francis located in,france
470,what is the start system of 15500 anantpatel,im sorry im not sure what you mean by start system of 15500 anantpatel could you please provide more context or clarify the question
471,what is the record label of gerling,gerling was signed to the record label festival mushroom records
472,where is cumberland presbyterian church ,the cumberland presbyterian church is located in the united states with congregations in various states
473,what is a language that love actually was produced in,english
474,what is a track in cream classics,a track in cream classics is a classic dance or electronic music song typically played at cream nightclub events
475,what is the subject of the book another bullshit night in suck city,homelessness
476,what is a drama film,a drama film is a genre of narrative film that focuses on realistic characters and emotional storylines
477,name a county that is within the eastern daylight time zone,monroe county pennsylvania
478,who is somebody that played point guard in the nba,magic johnson
479,what kind of music is played in the days run away album,alternative rock
480,what is the album of the artist the saints,the album of the artist the saints is im stranded
481,who was the artist of the album love shack,the b52s
482,what type of music does dr luke create,dr luke creates pop music
483,what is lafayette avenue,lafayette avenue is a major thoroughfare located in several cities in the united states
484,who is the bassist of music group sheila on 7 that was born in yogyakarta,adam muhammad subarkah
485,what country is klaus schulze from,germany
486,which county is eagles nest located in,eagles nest is located in los angeles county
487,is the collection a compact disc or dvd,the collection is on compact disc
488,what died by a firearm,a person was killed by a firearm
489,what is 6923 borzacchini,6923 borzacchini is a reference to the italian racing driver baconin borzacchini
490,what is an asteroid group member of asteroid belt,ceres is a prominent member of the asteroid belt
491,what a famous image of the apostolic age,the last supper by leonardo da vinci
492,which instrument is franz schmidt known for playing,franz schmidt was known for playing the cello
493,what is the station ruben studdards is on,ruben studdard was the winner of season 2 of american idol
494,what is the name of a single by robert clary,je suis seul ce soir
495,which language is paranoia 10 filmed in,the film paranoia 10 is filmed in english
496,where was wesley van der linden born,wesley van der linden was born in amsterdam netherlands
497,which country does dominic deutscher come from,dominic deutscher comes from australia
498,which area is the administrative parent of jingzhou,jingmen citylocated on the banks of the yangtze river jingzhou city administers one area jingmen city
499,where in new zealand was jason macy born,jason macy was born in auckland new zealand
